"","census_tract_code","year","arrests_B","arrests_W","arrests_total","state","county","ct_pop","ct_white","ct_black","pct_white","pct_black","Black_per_arrest","White_per_arrest","total_per_arrest","Total_arest_over_total_pop","Black_arest_over_Black_pop","White_arest_over_white_pop","SIR_arrests","SIR_B","SIR_W"
"1",10100,2010,965,693,1658,37,129,3153,822,2116,0.260704091,0.671106882,58.2051745974308,41.8008564019058,100,52.58317211633,45.6027597939606,84.2963143169931,15.3763580834575,4.02663555991805,38.3760678970223
"2",10100,2011,854,754,1614,37,129,2749,623,1970,0.226627865,0.716624227,52.9149371166594,46.7195341056936,100,58.7101233130843,43.3480533983047,121.007863906275,17.1657400622227,3.82744438614565,54.9939393750557
"3",10100,2012,839,772,1617,37,129,2877,561,2263,0.194994786,0.786583246,51.8891843423412,47.7459649990724,100,56.2024260540127,37.0730414033847,137.586882908572,16.4332873691039,3.27355659099906,62.4792834369542
"4",10100,2013,752,701,1454,37,129,2462,636,1795,0.258326564,0.729082047,51.7227150814937,48.2153909634826,100,59.0552780147029,41.8918166118879,110.202798302154,17.2645895772702,3.6987217094113,50.0907096674723
"5",10100,2014,629,539,1169,37,129,2212,566,1627,0.255877034,0.735533454,53.810623556582,46.1123941493457,100,52.8457122191583,38.6577346198759,95.2128599187423,15.447244174921,3.41302370843193,43.2399303500495
"6",10100,2015,571,574,1153,37,129,2161,845,1278,0.391022675,0.591392874,49.5273610267973,49.7875292689272,100,53.3524593956781,44.6756904780534,67.9209560998698,15.5949009220822,3.94382030776937,30.9257119296499
"7",10100,2016,696,615,1315,37,129,2245,882,1259,0.392873051,0.560801782,52.9313360200745,46.7721085848985,100,58.5720012471605,55.2775792232547,69.7199863961002,17.1214075915824,4.87967443270773,31.7518637526169
"8",10100,2017,657,554,1215,37,129,2251,906,1225,0.402487783,0.544202577,54.0778536745947,45.6011850876471,100,53.9736129003598,53.6282752428373,61.1411543979693,15.7772878399613,4.73399906346418,27.8486187315424
"9",10100,2018,437,477,920,37,129,2267,943,1182,0.41596824,0.521393913,47.5057059015324,51.8530594500598,100,40.5804772617,36.9681076051096,50.5778814547768,11.8623805807212,3.26325839021351,23.0416961423538
"10",10200,2010,177,147,325,37,129,3290,1386,1897,0.421276596,0.576595745,54.4755459858505,45.2476161181175,100,9.87811920610316,9.33003004585947,10.6052954332299,2.88866489672784,0.823788433402733,4.83874700601777
"11",10200,2011,272,118,390,37,129,3440,1609,1815,0.467732558,0.527616279,69.751345808767,30.2742886439374,100,11.336879741868,14.9854002534296,7.33329190230564,3.31537529885077,1.32310069380861,3.34736405976006
"12",10200,2012,221,88,309,37,129,3530,1598,1908,0.452691218,0.540509915,71.5302491103203,28.5021028793271,100,8.75329310784397,11.5822021906609,5.50653901508041,2.5598806641625,1.02264482032753,2.51347403049176
"13",10200,2013,181,135,316,37,129,3587,1590,1968,0.443267354,0.548647895,57.291996203733,42.7396393546346,100,8.80934459591313,9.19668716020528,8.4900320734545,2.57630555048042,0.812027107710626,3.87524271255326
"14",10200,2014,212,125,337,37,129,3699,1678,1844,0.453636118,0.498513112,62.9190151290418,37.1106496588549,100,9.11032413289719,11.4961227699149,7.44890054227996,2.66439097397265,1.01503002509286,3.40052290740378
"15",10200,2015,163,88,252,37,129,3703,1678,1866,0.453146098,0.503915744,64.6965489884966,34.9464498214994,100,6.80510923280495,8.73479449118483,5.24402598176509,1.99021311510917,0.771227241459847,2.39396812681226
"16",10200,2016,212,148,361,37,129,3644,1991,1438,0.546377607,0.394621295,58.7371919135973,41.0135696482969,100,9.90642408276392,14.7416730408177,7.43307719351112,2.89718371488915,1.30143420257752,3.3947193672033
"17",10200,2017,167,131,298,37,129,3603,1995,1331,0.553705246,0.369414377,56.0550150956055,43.9785306943978,100,8.27065582415143,12.5460145744121,6.5660869129367,2.41877369882781,1.10754715221536,2.99877454471497
"18",10200,2018,203,120,324,37,129,3503,1958,1329,0.558949472,0.379389095,62.6658438753471,37.0564640543042,100,9.24895092917702,15.2734933413588,6.12838976558909,2.7048179862342,1.34832452040356,2.7987569980747
"19",10300,2010,253,103,358,37,129,5104,2345,2622,0.459443574,0.513714734,70.6785814018431,28.7908405473331,100,7.0139691620462,9.64875481484306,4.39213679587224,2.05172558517744,0.852027243520456,2.00658797504419
"20",10300,2011,375,156,535,37,129,5040,2199,2699,0.436309524,0.535515873,70.0990469071202,29.1721173612409,100,10.6148687526041,13.893520062243,7.09381110454277,3.10503856273373,1.2268690295197,3.24046269856904
"21",10300,2012,391,196,587,37,129,4821,2246,2427,0.465878448,0.503422526,66.6155680463294,33.4014648271163,100,12.1756445624443,16.1097606196696,8.72623658786341,3.56150265627942,1.42252817768614,3.98632639616129
"22",10300,2013,470,140,612,37,129,5419,2204,3050,0.406717106,0.562834471,76.8011762783859,22.888416925339,100,11.2933882009928,15.4093308416118,6.35179892019418,3.30364712679388,1.3607683225556,2.90152388292097
"23",10300,2014,346,115,461,37,129,4882,2175,2620,0.445514134,0.536665301,75.0596399913251,24.9620472782477,100,9.44265787263677,13.2056028395863,5.28711323617305,2.76209585119274,1.16611221213651,2.41510647503025
"24",10300,2015,325,150,477,37,129,5161,2398,2669,0.464638636,0.51714784,68.1408509746384,31.4609096625445,100,9.24221580670787,12.1763890449964,6.25495183687086,2.70354860694292,1.07523405365791,2.85775246435123
"25",10300,2016,397,131,536,37,129,5703,2812,2786,0.493073821,0.488514817,74.0720014922589,24.4543928371572,100,9.39839736283775,14.2493090700262,4.65844031151097,2.74937813449475,1.25829842212348,2.12892489041474
"26",10300,2017,321,129,454,37,129,5635,2589,2962,0.459449867,0.525643301,70.7112970711297,28.4298612640388,100,8.05664495749853,10.836906248945,4.98242632575026,2.35685194026533,0.956979015474621,2.27667601596085
"27",10300,2018,378,128,513,37,129,5902,2715,3137,0.460013555,0.531514741,73.689339310076,24.9658935879945,100,8.69182155503973,12.0493449364062,4.71437516113587,2.54272110357575,1.06406201627029,2.15436497965335
"28",10400,2010,93,140,233,37,129,2786,2372,225,0.851399856,0.080760948,39.9399399399399,60.1029601029601,100,8.3629446179247,41.3149711239449,5.90194342565659,2.44520167444391,3.63672732575503,2.69641546527079
"29",10400,2011,76,104,184,37,129,2726,2342,235,0.859134263,0.086206897,41.3362303096143,56.5453557848995,100,6.74956898132864,32.3266695023394,4.44045941676274,1.97343040715558,2.84595686293765,2.02865965587688
"30",10400,2012,58,78,137,37,129,2819,2565,190,0.909897127,0.067399787,42.3778264040846,56.9657184536834,100,4.85970699868752,30.5102577590742,3.04081712213949,1.42092351741351,2.68393486212311,1.38945227501022
"31",10400,2013,49,96,148,37,129,3033,2802,176,0.923837784,0.058028355,33.1532748143147,64.8885887913572,100,4.87949622498434,27.8250993753549,3.42600192712608,1.42681050696176,2.44692782264132,1.56568699235342
"32",10400,2014,43,77,123,37,129,3061,2789,208,0.91114015,0.06795165,35.0121852152721,62.6320064987815,100,4.01816340531182,20.6631427198462,2.76074719443548,1.17495871106921,1.81834651906921,1.26165539987278
"33",10400,2015,56,141,197,37,129,2934,2647,222,0.902181322,0.075664622,28.4627092846271,71.5880263825469,100,6.71415425513786,25.213867627195,5.32658380869631,1.96322006071491,2.2193327023224,2.4340278261732
"34",10400,2016,45,98,144,37,129,2857,2593,198,0.90759538,0.069303465,31.2977099236641,68.0777238029146,100,5.04007560113402,22.7158001009591,3.7792603447611,1.47368089675653,1.99860104172429,1.72690447077975
"35",10400,2017,42,32,74,37,129,3073,2672,214,0.869508623,0.069638789,56.8151147098516,43.3198380566802,100,2.40799192997299,19.6170014012144,1.19755997155795,0.704127981355306,1.72646802660992,0.547243871313758
"36",10400,2018,46,57,103,37,129,3031,2584,256,0.852523919,0.084460574,44.713870029098,55.3831231813773,100,3.39810629804361,17.9617336977743,2.2057969892806,0.993637573938312,1.58173555436802,1.00791622373234
"37",10501,2010,232,244,476,37,129,3431,2103,1079,0.612940834,0.314485573,48.7502625498845,51.2707414408738,100,13.8731019206668,21.4993976461866,11.6019209738006,4.05706344396197,1.89768046265926,5.29928201253026
"38",10501,2011,192,310,502,37,129,3970,2159,1518,0.543828715,0.382367758,38.2593108942442,61.7606054570803,100,12.6445177703332,12.6473881825967,14.357834282803,3.69818841494094,1.11657718326228,6.5584316325675
"39",10501,2012,178,351,535,37,129,4146,2350,1403,0.566811384,0.338398456,33.2834984115119,65.6139039431882,100,12.9036926268059,12.6861948542513,14.9355346580997,3.77410422624402,1.11995589910892,6.82346364494546
"40",10501,2013,162,378,546,37,129,4065,2409,1477,0.592619926,0.363345633,29.6832082036257,69.2364035890863,100,13.431403901503,10.9674361925394,15.6905068282761,3.92839720456334,0.968248427239582,7.16871484668647
"41",10501,2014,146,313,460,37,129,4380,2720,1426,0.621004566,0.325570776,31.7539665290154,68.0504238209085,100,10.502043332344,10.237711240446,11.5069298922834,3.07177565699586,0.903808305546245,5.25842788422264
"42",10501,2015,108,226,334,37,129,4622,2999,1398,0.64885331,0.302466465,32.3555821610296,67.6743489973062,100,7.22615261461241,7.72476932980474,7.53559401153679,2.11367146166083,0.68195261199046,3.44413641471325
"43",10501,2016,124,253,385,37,129,4440,3013,1187,0.678603604,0.267342342,32.2253960010387,65.7231887821345,100,8.67097587892165,10.4456237890658,8.39666788357506,2.53622308785848,0.922061386220845,3.83771602835936
"44",10501,2017,124,181,307,37,129,4274,2844,1226,0.665418811,0.286850725,40.4102898078802,58.9710192119831,100,7.18279871785873,10.1133675882881,6.36405189690939,2.10088576446497,0.892751024068149,2.90844787284545
"45",10501,2018,102,254,362,37,129,4396,3200,1169,0.727934486,0.265923567,28.196630764982,70.1739850869925,100,8.23457155205751,8.72465999486785,7.93725196087622,2.40856136428503,0.770139780804007,3.62805350820979
"46",10502,2010,191,236,428,37,129,7375,5021,1912,0.680813559,0.259254237,44.6391030133146,55.1506657323055,100,5.80331114154384,9.9890173108101,4.70016530242377,1.69787341363414,0.881976105571956,2.14949661359121
"47",10502,2011,181,308,493,37,129,7441,5563,1375,0.747614568,0.184786991,36.7268302575542,62.4822551206652,100,6.62536452943785,13.1626790778852,5.53648145817979,1.93838797270738,1.16200742380234,2.5321835365686
"48",10502,2012,202,309,515,37,129,7991,5973,1178,0.747465899,0.147415843,39.2350999805863,60.0077654824306,100,6.44466969503573,17.1462524403701,5.17319314928597,1.88557122942421,1.5135350430248,2.36615940066325
"49",10502,2013,159,224,387,37,129,8272,6302,1181,0.761847195,0.142770793,41.1004908292431,57.8920175665203,100,4.67837671208037,13.4620269240538,3.55437076530046,1.36880847481936,1.18832286868455,1.62579212275409
"50",10502,2014,125,225,355,37,129,8408,6408,1207,0.762131304,0.143553758,35.229512813292,63.3905941988172,100,4.222119147013,10.3553972330379,3.51118116134268,1.23532258293683,0.914106849198058,1.60605578006233
"51",10502,2015,155,234,393,37,129,8205,5857,1554,0.713833029,0.189396709,39.4556092597303,59.5522767743577,100,4.78970396460738,9.97361817128885,3.99515118403305,1.40137690779248,0.88053338464692,1.82730936757392
"52",10502,2016,140,257,400,37,129,8472,6161,1422,0.727219075,0.167847025,35.0162459385154,64.2589352661835,100,4.72137958711536,9.84459601997047,4.17133304117771,1.38140147906688,0.869101862698975,1.90796364920411
"53",10502,2017,190,250,443,37,129,8753,6188,1832,0.706957615,0.209299669,42.9022793951704,56.4432408034304,100,5.06106408015446,10.370612957808,4.04001228163734,1.48080368056709,0.91565256110891,1.84790351739216
"54",10502,2018,183,253,441,37,129,8648,6455,1806,0.746415356,0.208834413,41.509861709363,57.3792790750397,100,5.09938599229889,10.1323293283871,3.91938157425911,1.49201034157257,0.894608280107784,1.79278058952559
"55",10600,2010,175,202,377,37,129,4061,3733,94,0.919231716,0.023147008,46.4333068151684,53.5932113497746,100,9.28319913323976,185.972369819341,5.41105247649407,2.71513453331591,16.2914658706571,2.47384169649734
"56",10600,2011,140,215,355,37,129,3983,3576,117,0.897815717,0.029374843,39.4536750211208,60.5744860602647,100,8.9126559714795,119.555935098207,6.01213612594726,2.60672318248799,10.4902938248906,2.74850242880158
"57",10600,2012,132,148,283,37,129,3829,3424,127,0.894228258,0.033167929,46.661956905687,52.3136700812434,100,7.39077067718263,103.855232100708,4.32230367103764,2.16154913033443,9.11742082423974,1.97587055399115
"58",10600,2013,85,191,277,37,129,3997,3548,158,0.887665749,0.039529647,30.7109346806207,68.9642728256947,100,6.93002426759401,53.763440860215,5.38316281953722,2.0268593160194,4.72555239893542,2.46093730632689
"59",10600,2014,112,180,294,37,129,3979,3776,92,0.948982156,0.023121387,38.1162869772186,61.2376742604556,100,7.38860546354703,121.606948968512,4.7668229125288,2.16097597380143,10.6510464878391,2.17934056196733
"60",10600,2015,98,172,270,37,129,3951,3746,176,0.948114401,0.044545685,36.319881525361,63.7171417993336,100,6.83354002682797,55.6501987507098,4.59144176610341,1.99862363682719,4.89385564528264,2.09913826489077
"61",10600,2016,109,166,275,37,129,4196,3890,189,0.927073403,0.045042898,39.6583060705198,60.37804434751,100,6.55370463049022,57.6414595452142,4.26724248733966,1.91685945033939,5.07050995281213,1.95100543474766
"62",10600,2017,116,188,307,37,129,4134,3785,237,0.915578133,0.057329463,37.8052751546727,61.2504070335396,100,7.426041943833,48.9245044285112,4.9668436765211,2.17198298708597,4.30730822598055,2.27079431499282
"63",10600,2018,110,146,256,37,129,4147,3580,229,0.863274656,0.055220641,42.9910191331511,57.048028114018,100,6.17298835330713,48.0139676996945,4.0780983771403,1.80549133757101,4.22665867467139,1.86434217711731
"64",10700,2010,57,108,165,37,129,4314,2354,1312,0.545665276,0.304126101,34.5850999394307,65.4754694124773,100,3.82466794928258,4.34418108375886,4.58774053778514,1.11867810946407,0.383495841206193,2.09596660807444
"65",10700,2011,56,59,115,37,129,4333,2374,1530,0.547888299,0.353104085,48.74022589053,51.3466550825369,100,2.65398906094944,3.6598915103588,2.48515226822796,0.776268170048352,0.323115557376465,1.13539103330998
"66",10700,2012,69,76,147,37,129,4100,2401,1373,0.585609756,0.334878049,46.974847042828,51.7335146159075,100,3.58527840784371,5.0251256281407,3.16521594269293,1.04862316157504,0.443620057040424,1.44612220164062
"67",10700,2013,68,69,137,37,129,4314,2388,1631,0.553546592,0.378071395,49.671772428884,50.401167031364,100,3.17563338819221,4.16896572864938,2.88932624261966,0.928841824221686,0.368071119574401,1.32006048534444
"68",10700,2014,66,79,145,37,129,4263,2206,1806,0.517475956,0.42364532,45.5547898001378,54.5141281874569,100,3.40128075813375,3.65428270859864,3.58098000997235,0.994833688084005,0.322645609219201,1.63580715472534
"69",10700,2015,84,89,173,37,129,4435,2314,1761,0.521758737,0.397068771,48.5846331600231,51.473136915078,100,3.90070122432414,4.76974618136392,3.84598764098354,1.14093748453703,0.421127958142755,1.75702987246501
"70",10700,2016,84,88,174,37,129,4409,2350,1667,0.53300068,0.37809027,48.3055715106261,50.6031016657094,100,3.94638361570388,5.03868994061544,3.74452150972299,1.15429504193122,0.444862249316996,1.71072592807749
"71",10700,2017,95,131,226,37,129,4511,2485,1674,0.550875637,0.371092884,42.0610349402919,57.9831932773109,100,5.00986455631664,5.67469087868108,5.27141764918917,1.46537847318123,0.501015290799329,2.40855406087915
"72",10700,2018,102,148,251,37,129,4593,2377,1910,0.517526671,0.415850207,40.6610911987256,58.9804858622063,100,5.46471881735647,5.34003455316476,6.22607378738799,1.59844058816915,0.471495915252978,2.84451187742356
"73",10800,2010,76,103,181,37,129,2885,1388,665,0.481109185,0.2305026,42.0209828823854,56.9298729983435,100,6.27361269973311,11.4268531047963,7.42021468193934,1.83437563422917,1.00815519823695,3.38554530300792
"74",10800,2011,58,126,185,37,129,2760,1355,649,0.490942029,0.235144928,31.3884386817936,68.1253376553214,100,6.7026557008804,8.93544908334617,9.29820677440779,1.95973896861497,0.788323623224099,4.24206536973912
"75",10800,2012,81,133,216,37,129,2259,1387,540,0.61398849,0.239043825,37.5289217954651,61.591855622397,100,9.56132973307954,14.9972227365303,9.58834979453536,2.79493095256422,1.32279751311331,4.37476794939813
"76",10800,2013,60,114,174,37,129,2420,1698,275,0.701652893,0.113636364,34.5203905801264,65.5370476737507,100,7.18978554605182,21.8102508178844,6.71338554855427,2.10186507181922,1.92104596283199,3.06484651196527
"77",10800,2014,56,112,168,37,129,2153,1431,330,0.664653971,0.153274501,33.372992266508,66.686496133254,100,7.80270307928104,16.9645561950924,7.82614771853819,2.28071568219904,1.49494459811512,3.57110119314584
"78",10800,2015,29,99,132,37,129,2497,1769,304,0.70845014,0.121746095,22.0287660862983,75.0189250567752,100,5.2861319130191,9.53633673133838,5.59606579616754,1.54540572812941,0.840187624276957,2.55502874469684
"79",10800,2016,56,126,188,37,129,2699,1781,414,0.659874027,0.153390144,29.8245614035088,67.0388091440723,100,6.96528472453781,13.5233035498672,7.07427993936331,2.03647999984525,1.19226829380384,3.2300006256489
"80",10800,2017,52,132,185,37,129,2644,1775,425,0.671331316,0.160741301,28.1469475958941,71.366828741221,100,6.99670965545933,12.2324159021407,7.43620077742099,2.04562336810725,1.07851118870476,3.39521899016041
"81",10800,2018,61,165,233,37,129,2907,1817,558,0.625043,0.191950464,26.2119262119262,70.8279708279708,100,8.0148601699288,10.9299408708117,9.08040283968962,2.34352578326183,0.964096766020631,4.14616953431436
"82",10900,2010,24,69,94,37,129,2163,1990,65,0.920018493,0.030050855,25.6110520722636,73.432518597237,100,4.34561508945495,36.8663594470046,3.46716245414803,1.27022295481424,3.21771649938128,1.58346670652082
"83",10900,2011,15,104,119,37,129,2252,2001,99,0.888543517,0.043960924,12.6784214945424,87.4055415617128,100,5.28395719550642,15.1362260343088,5.19714157213533,1.54457994478829,1.32650922178836,2.37358425079018
"84",10900,2012,13,65,79,37,129,2197,2040,71,0.928538917,0.032316796,16.5613147914033,82.3008849557522,100,3.59564880979473,18.2841068917018,3.18611832753296,1.05102909668969,1.59744983943683,1.45519280857693
"85",10900,2013,6,53,59,37,129,2352,2137,118,0.908588435,0.050170068,10.321489001692,89.8477157360406,100,2.50839675183878,5.08044030482642,2.47999625660942,0.733281077490256,0.445802295688874,1.13279893696947
"86",10900,2014,15,40,55,37,129,2463,2215,156,0.899309785,0.063337393,27.4047186932849,72.7767695099818,100,2.23295846697251,9.60922485586163,1.80578754909485,0.652797357335892,0.844552110891871,0.824898349973566
"87",10900,2015,11,54,66,37,129,2362,1947,298,0.824301439,0.126164268,16.7927382753404,81.8456883509834,100,2.79412387282503,3.690036900369,2.77335524626367,0.816812003428245,0.325089508663847,1.26653944406219
"88",10900,2016,24,70,95,37,129,2256,1896,300,0.840425532,0.132978723,25.34174553102,73.7118822292324,100,4.21080625858783,7.99733422192602,3.6917884077844,1.2308845650361,0.704571507795422,1.68586665129823
"89",10900,2017,27,107,136,37,129,2470,1969,336,0.797165992,0.136032389,19.9118295371051,78.6921381337252,100,5.50584996558844,8.0333234156501,5.43395459854756,1.60962061627787,0.707939592234655,2.48164899155396
"90",10900,2018,18,58,76,37,129,2415,2037,223,0.843478261,0.092339545,23.784494086728,76.3469119579501,100,3.14686762452901,8.0681308830121,2.84718472338128,0.919954444679881,0.71017065094293,1.30038779061466
"91",11000,2010,254,64,321,37,129,2473,1072,1347,0.433481601,0.544682572,79.1342260977888,19.9626284646528,100,12.9796611540172,18.8553188330488,5.9695923887697,3.79457473173791,1.66453660884247,2.72110606828862
"92",11000,2011,263,58,326,37,129,2450,1167,1177,0.476326531,0.480408163,80.6807727690892,17.8166206685066,100,13.3055793641076,22.3430464701385,4.9695827264159,3.88981449696293,1.97226564983289,2.26604098666146
"93",11000,2012,219,65,284,37,129,2322,1221,969,0.525839793,0.417312661,77.1207321365716,22.9144667370644,100,12.230308772232,22.5982870704778,5.32306936368848,3.57523781227686,1.99451156811527,2.42763485401503
"94",11000,2013,264,51,316,37,129,2197,1213,860,0.552116523,0.391442877,83.5495096488453,16.1657703258463,100,14.3825952391789,30.6941053365888,4.20410518506306,4.20411638675876,2.70876649807961,1.91727473447896
"95",11000,2014,200,79,279,37,129,2574,1193,1285,0.463480963,0.499222999,71.694733070584,28.3410963812254,100,10.8387397537003,15.56299120691,6.62140642024977,3.16882313396191,1.37385331683411,3.01949456107768
"96",11000,2015,213,69,283,37,129,2460,1182,1158,0.480487805,0.470731707,75.273754856941,24.4083362769339,100,11.5035974147392,18.392194111044,5.8370696218594,3.36303052899665,1.62349825297341,2.66172859776077
"97",11000,2016,194,92,286,37,129,2414,1127,1226,0.466859983,0.507870754,67.8434113946173,32.1915414190842,100,11.8470651588584,15.8225267107088,8.16254103451335,3.4633662014457,1.39672337636468,3.72146823262458
"98",11000,2017,224,119,343,37,129,2344,1064,1195,0.453924915,0.509812287,65.3162343340134,34.7129116875546,100,14.632481549422,18.7432014057401,11.1831594774927,4.27750429542295,1.65451665752616,5.09743542042819
"99",11000,2018,255,96,351,37,129,2284,1192,977,0.521891419,0.427758319,72.657362574765,27.3711193392196,100,15.3671030165054,26.097635861222,8.05301568660347,4.49211360538517,2.30337727183454,3.6723256757536
"100",11100,2010,397,75,472,37,129,2993,163,2688,0.054460408,0.898095556,84.1135352679517,15.9076466850244,100,15.7696034212021,14.7687958037275,45.9840588595953,4.61112271317971,1.30415881518073,20.4859806792554
"101",11100,2011,370,85,458,37,129,3152,166,2726,0.052664975,0.864847716,80.7902204758786,18.5767299716219,100,14.5299958757654,13.5725028428891,51.1739915713426,4.24885656488936,1.19852500769766,22.8091118408377
"102",11100,2012,387,71,458,37,129,2901,286,2400,0.098586694,0.827300931,84.5012006112203,15.5206286836935,100,15.7871152321533,16.1243281529936,24.8164977280671,4.61610514387173,1.42380935609487,11.1842628291585
"103",11100,2013,398,74,475,37,129,2600,170,2359,0.065384615,0.907307692,83.792885708272,15.5967164807409,100,18.2685281335333,16.8708405747955,43.5038212815991,5.34106094488556,1.48971939948331,19.4023633303059
"104",11100,2014,420,91,511,37,129,2519,147,2289,0.058356491,0.908693926,82.195265114459,17.8243005282724,100,20.2850224286452,18.3478222882356,61.862678450034,5.93040430137561,1.62012255678135,27.480074501127
"105",11100,2015,305,113,419,37,129,2451,157,2218,0.064055488,0.904936761,72.7988546886185,26.9863994273443,100,17.0943657949492,13.750507190839,71.928707829408,4.99744816285318,1.21416387139289,32.0117030533375
"106",11100,2016,360,115,477,37,129,2419,402,1933,0.166184374,0.799090533,75.4768392370572,24.1249214001258,100,19.7180769707743,18.6229372510475,28.5998507833872,5.7643885223948,1.64431177021595,12.9468888226828
"107",11100,2017,445,175,623,37,129,2512,246,1990,0.097929936,0.792197452,71.4331567966619,28.1014283421602,100,24.799968154134,22.3606853926938,71.1093051605039,7.2503433981706,1.97435905205978,31.9673782410715
"108",11100,2018,434,111,546,37,129,2724,344,2036,0.126284875,0.74743025,79.4909357260575,20.3442592931697,100,20.0433170588451,21.3152595648544,32.258064516129,5.86023513083279,1.88206886376522,14.575873160561
"109",11200,2010,169,59,229,37,129,2538,1306,1212,0.514578408,0.477541371,73.8105630728939,25.7965953731995,100,9.02249714353256,13.94274399802,4.5172651404946,2.63778386419951,1.23077768944637,2.0606303232576
"110",11200,2011,219,91,310,37,129,2409,1256,1111,0.521378165,0.461187215,70.6546275395034,29.3776201225411,100,12.8678759702794,19.710197101971,7.24464612690072,3.76178048660498,1.73979001527249,3.3043240101291
"111",11200,2012,248,86,335,37,129,2131,1155,934,0.541999061,0.438291882,74.0376007162041,25.6938227394807,100,15.7195814368167,26.5496199550369,7.44524283611809,4.59474239375152,2.34318298420613,3.39476301383434
"112",11200,2013,208,61,269,37,129,2180,1212,945,0.555963303,0.433486239,77.3318468970643,22.7053140096618,100,12.3388835374524,22.0082530949106,5.03258807029123,3.60669141032392,1.94239567859296,2.29509592628225
"113",11200,2014,140,72,212,37,129,2160,1153,980,0.533796296,0.453703704,66.0537482319661,33.993399339934,100,9.81436044627564,14.2842567084991,6.24403781111786,2.86873160012402,1.26073155031472,2.84703764927531
"114",11200,2015,196,84,282,37,129,1983,1233,708,0.621785174,0.357034796,69.5143566111308,29.8121233605105,100,14.2201603549997,27.6797062561785,6.81209958640824,4.15605943422558,2.44226761694946,3.1068312666971
"115",11200,2016,211,113,326,37,129,2472,1177,1248,0.476132686,0.504854369,64.7347439435756,34.6826126954922,100,13.187168803851,16.9056966589216,9.5998640727211,3.85523734572258,1.49235630219868,4.37750872419977
"116",11200,2017,189,86,277,37,129,2527,1327,1173,0.525128611,0.464186783,68.2425117286178,31.0718152291591,100,10.9611808001266,16.1111584690137,6.48029538090573,3.20455472287541,1.42216113715264,2.95626107168631
"117",11200,2018,197,84,284,37,129,2540,1261,1254,0.496456693,0.493700787,69.376979936642,29.6022527279127,100,11.1806621786544,15.7084761980703,6.66085163745936,3.2687398677749,1.38667540715825,3.03809482958323
"118",11300,2010,131,309,449,37,129,1493,1173,213,0.785666443,0.142665774,29.1917167668671,68.8265419728346,100,30.0716629830554,61.4734866259972,26.3404654334669,8.78479992421747,5.41011296884378,12.0110166738208
"119",11300,2011,166,394,562,37,129,1357,1049,236,0.77302874,0.173913043,29.5499021526419,70.1120797011208,100,41.4118340579176,70.3091910207539,37.5560003812792,12.0953004022929,6.18992745594615,17.1175077034159
"120",11300,2012,160,439,607,37,129,1487,1144,217,0.76933423,0.145931406,26.3712732663482,72.3274584088289,100,40.8176988770089,73.6987563334869,38.3707717856831,11.9239359774121,6.4864631152596,17.4950427068765
"121",11300,2013,140,307,450,37,129,1633,1170,269,0.71647275,0.164727495,31.1264163519218,68.229282381693,100,27.5549568305676,52.0252694165738,26.23707375438,8.05090169340552,4.58209344001048,11.9637543671904
"122",11300,2014,136,268,409,37,129,1533,1125,218,0.733855186,0.142204827,33.2681495966756,65.5340992422391,100,26.6779727349814,62.3567171022467,23.8201048795663,7.7937894005909,5.48830445602016,10.8599931988894
"123",11300,2015,172,301,474,37,129,1671,1251,267,0.748653501,0.15978456,36.3003585741405,63.5098080573719,100,28.3645502962121,64.395357543991,24.0588282311566,8.28777126123729,5.6714580484821,10.9732116588047
"124",11300,2016,138,288,430,37,129,1758,1383,209,0.78668942,0.118885097,32.1088119042083,66.984422227389,100,24.4582219441442,65.9971305595409,20.8227893861615,7.14698762011956,5.80781957785845,9.50049027676911
"125",11300,2017,162,336,504,37,129,1804,1304,259,0.722838137,0.143569845,32.1563181908352,66.6732791112874,100,27.9363671636827,62.524121960633,25.7648953301127,8.16367777712089,5.506156596932,11.7530507459714
"126",11300,2018,119,210,329,37,129,1816,1337,245,0.73623348,0.134911894,36.1896080218778,63.8407778790641,100,18.1157425251913,48.5516115871073,15.7056315907561,5.29390999853176,4.27493823640515,7.16496890265843
"127",11400,2010,369,324,693,37,129,1362,286,1045,0.209985316,0.767254038,53.2534987736257,46.7609291588515,100,50.8773217825417,35.3076260644914,113.24711639287,14.8600321668119,3.11641340717293,51.038044459822
"128",11400,2011,388,317,707,37,129,1407,272,1125,0.193319119,0.799573561,54.8861547164475,44.8451421298261,100,50.2451851325421,34.4858234823571,116.501286291804,14.6763724417148,3.04403943861459,52.4630370786799
"129",11400,2012,223,170,394,37,129,1502,408,1085,0.271637816,0.722370173,56.6099974625729,43.1616341030195,100,26.229944744025,20.5511012809879,41.6564567507964,7.66261000190944,1.81398476601682,18.860547599955
"130",11400,2013,206,119,327,37,129,1633,514,1111,0.314758114,0.680342927,63.0082543564659,36.4108835218588,100,20.0232686302125,18.540185401854,23.1472476171951,5.85032189720801,1.63651480888645,10.503744961322
"131",11400,2014,173,127,300,37,129,1687,396,1241,0.234736218,0.73562537,57.6807730756414,42.3525491502832,100,17.7819927686563,13.9392474417855,32.0626104519061,5.19576187139146,1.23048760417853,14.5120274613432
"132",11400,2015,135,149,287,37,129,1717,353,1297,0.205591147,0.755387303,47.0567746429815,51.9331243469174,100,16.7142274765593,10.4078328579138,42.1976777116964,4.88391177720349,0.918776865286702,19.0733523315114
"133",11400,2016,165,74,241,37,129,1681,382,1217,0.227245687,0.723973825,68.4778100373289,30.7341352136043,100,14.3358515257867,13.5568153808233,19.3666579429469,4.18880082958364,1.19671351504394,8.76205704394163
"134",11400,2017,154,127,282,37,129,1664,372,1184,0.223557692,0.711538462,54.6260191421482,45.0549450549451,100,16.9460969893636,13.0056583058863,34.1306100510615,4.95140506327079,1.14804012988609,15.4369070172158
"135",11400,2018,250,135,388,37,129,1652,386,1157,0.233656174,0.700363196,64.442154083999,34.8106158206648,100,23.4852611827371,21.6057384841414,34.965034965035,6.86196997865937,1.90716006917964,15.8211291139332
"136",11500,2010,42,49,91,37,129,8118,5660,1826,0.697216063,0.224932249,46.2129527991219,53.8968166849616,100,1.12095194688412,2.29998357154592,0.865709086411901,0.327968155616519,0.203072171256793,0.395949038051426
"137",11500,2011,24,77,101,37,129,8534,6449,1731,0.75568315,0.202835716,23.837784371909,76.2611275964392,100,1.18348742105201,1.38640170989544,1.19396504938674,0.346270662085982,0.122406518228688,0.546136155468213
"138",11500,2012,36,60,96,37,129,8894,6632,1989,0.745671239,0.223633911,37.5650364203954,62.5390218522373,100,1.07936722096671,1.80986375747826,0.904690821911612,0.315810886548081,0.159803696667147,0.41382603805043
"139",11500,2013,20,55,75,37,129,8893,6673,1875,0.750365456,0.210839987,26.7643142476698,73.3688415446072,100,0.843350462718287,1.06660978081169,0.824204642519968,0.24675498997234,0.094175103537493,0.377011402441502
"140",11500,2014,28,52,81,37,129,8631,6454,1808,0.747769667,0.209477465,34.6485819975339,64.2416769420469,100,0.938466707603897,1.54858691444057,0.805689406733704,0.274582299497885,0.1367286134853,0.368533695199075
"141",11500,2015,23,31,54,37,129,8547,6443,1614,0.753831754,0.188838189,42.6987060998152,57.4861367837338,100,0.631793239812334,1.42494269252215,0.481134857444398,0.184853315499642,0.125805208011208,0.220077607530667
"142",11500,2016,23,46,69,37,129,8450,6281,1748,0.743313609,0.206863905,33.4298118668596,66.7149059334298,100,0.816558383924451,1.31571420399291,0.732355797551384,0.238911944894047,0.116165972619698,0.33498347223564
"143",11500,2017,26,46,72,37,129,8313,6312,1669,0.759292674,0.200769879,36.1997226074896,63.9389736477115,100,0.866102897835946,1.55772572044815,0.728759050078421,0.253406481990652,0.137530541858016,0.333339466768308
"144",11500,2018,32,49,81,37,129,8000,6031,1668,0.753875,0.2085,39.5807644882861,60.5425400739827,100,1.0124873439082,1.91835021881182,0.812455439306263,0.296232057755005,0.169369785330223,0.371610505799931
"145",11603,2010,31,38,69,37,129,6377,4964,965,0.778422456,0.151325074,45.0072358900145,55.137481910275,100,1.08199651879381,3.21210237281111,0.765496263169557,0.316540493905271,0.283497323297789,0.350075941442613
"146",11603,2011,11,29,40,37,129,6827,5181,1054,0.758898491,0.154386993,27.6807980049875,72.568578553616,100,0.585900309062413,1.04354425576321,0.559726698963541,0.171411447779282,0.0921086028167031,0.255983283257609
"147",11603,2012,16,9,27,37,129,6893,5237,1326,0.759756274,0.19236907,59.409594095941,33.5793357933579,100,0.391696043869957,1.20654550938843,0.171850833476542,0.114595351810573,0.106512157449625,0.0785943332949092
"148",11603,2013,18,72,90,37,129,6662,5086,1273,0.763434404,0.191083759,20.0887902330744,80.0221975582686,100,1.35092538388796,1.41387165187338,1.41562297241501,0.395223724302598,0.124811553224876,0.647405194336946
"149",11603,2014,9,8,17,37,129,7203,5511,1422,0.765097876,0.197417743,53.2163742690058,47.3684210526316,100,0.236009495911483,0.632866886998101,0.145161582987062,0.0690486125259855,0.0558708340306484,0.0663910796568463
"150",11603,2015,6,11,17,37,129,7664,5772,1560,0.753131524,0.203549061,35.672514619883,64.9122807017544,100,0.22181338970003,0.384590731363374,0.190571888913913,0.0648968303157868,0.0339541406827979,0.0871631296945288
"151",11603,2016,1,5,6,37,129,7499,5601,1517,0.746899587,0.202293639,18.0327868852459,83.6065573770492,100,0.0800096011521382,0.0659152330103487,0.089268179464748,0.0234085390164288,0.00581933748907586,0.0408282136137975
"152",11603,2017,5,11,16,37,129,7708,5723,1627,0.74247535,0.211079398,31.6770186335404,68.944099378882,100,0.207573850884135,0.30729518775736,0.192203526061051,0.0607308393273187,0.0271305541210805,0.087908819035897
"153",11603,2018,9,4,13,37,129,7781,5952,1493,0.764940239,0.191877651,69.4656488549618,31.2977099236641,100,0.167071493747671,0.602772754671489,0.0672031719897179,0.048881045934322,0.0532154531209092,0.0307378812953032
"154",11605,2010,86,98,184,37,129,5228,4046,893,0.773909717,0.170811018,46.7680608365019,53.286257468767,100,3.51944300988887,9.62938080842011,2.42208546501569,1.02952064709844,0.849825098936879,1.10743914486899
"155",11605,2011,91,147,241,37,129,4916,3292,1312,0.669650122,0.266883645,37.785151389465,61.0120282040647,100,4.90225992148248,6.93544699336941,4.4652349564108,1.43397824693077,0.612247746487079,2.04110238416874
"156",11605,2012,79,155,236,37,129,4981,3407,1209,0.683999197,0.242722345,33.5027530707327,65.6925031766201,100,4.7379092971432,6.5337854602597,4.54932347157407,1.38591382899665,0.576760534893191,2.07963539882236
"157",11605,2013,94,164,260,37,129,5130,3493,1158,0.680896686,0.225730994,36.1783929257978,63.0911188004614,100,5.06812732695269,8.11674294102409,4.69497008387965,1.48253227759936,0.716473407415497,2.14628428437456
"158",11605,2014,63,111,174,37,129,5060,3743,822,0.73972332,0.162450593,36.2435381964388,63.8139000574383,100,3.43866722001541,7.66330130154482,2.96545643984932,1.00587376326276,0.676260819425446,1.35576088014264
"159",11605,2015,90,162,255,37,129,5044,3962,797,0.785487708,0.158009516,35.3194825558604,63.5437083496668,100,5.05541127257588,11.290929619872,4.08874081926251,1.47879868281225,0.996357191208462,1.86943259950865
"160",11605,2016,88,115,207,37,129,5382,4139,881,0.769044965,0.163693794,42.5398358281024,55.5770159343312,100,3.84608238419948,9.98751560549313,2.77838177381556,1.12508781692281,0.88142117454071,1.27037843996987
"161",11605,2017,121,133,257,37,129,5115,3904,926,0.763245357,0.181036168,47.1022948269156,51.7697394010113,100,5.02433970010361,13.0655436777886,3.40667503393868,1.46972111568259,1.15311398406004,1.55755594523929
"162",11605,2018,65,103,169,37,129,5603,4176,1346,0.74531501,0.240228449,38.4979302188054,60.969840331165,100,3.01618746765184,4.8287645791546,2.4664160340988,0.882338363794628,0.42628035190672,1.1277470145239
"163",11606,2010,11,15,26,37,129,4020,3335,470,0.82960199,0.116915423,42.5287356321839,57.8544061302682,100,0.64675008084376,2.33992767496277,0.449761626338041,0.189159038432849,0.20634375022053,0.20559401967498
"164",11606,2011,8,24,33,37,129,4047,3341,549,0.82554979,0.135656042,24.4712990936556,72.809667673716,100,0.815398680536681,1.45692952103442,0.718326299721649,0.238485866456123,0.128508359714279,0.328360487681471
"165",11606,2012,7,28,35,37,129,4201,3559,463,0.847179243,0.110211854,20.2279202279202,80.0569800569801,100,0.833115136511866,1.51155258043619,0.786715742743952,0.243673768082081,0.133291122240825,0.359652072026027
"166",11606,2013,8,14,22,37,129,4285,3582,600,0.835939323,0.140023337,36.6515837104072,63.8009049773756,100,0.513406921658771,1.33311114814198,0.390832193406103,0.150165856723556,0.117601206422837,0.178672847759698
"167",11606,2014,4,18,23,37,129,4498,3843,509,0.854379724,0.113161405,17.7489177489177,78.3549783549784,100,0.511327004735333,0.785700255352583,0.468371887278499,0.149562172974839,0.0692948767310353,0.214139049476155
"168",11606,2015,13,33,46,37,129,4786,4016,629,0.839114083,0.13142499,28.4164859002169,71.8004338394794,100,0.961116566724473,2.06644412652996,0.821692686935086,0.281135386233333,0.182303573836797,0.375695716024145
"169",11606,2016,2,13,15,37,129,4809,4084,595,0.849241006,0.123726346,13.9072847682119,86.7549668874172,100,0.311908673140504,0.336077970089061,0.318307583066037,0.0912363972089671,0.0296469967323767,0.145539828430838
"170",11606,2017,7,12,19,37,129,5044,4180,671,0.828707375,0.133029342,37.1727748691099,63.3507853403141,100,0.376677702662517,1.04306362688124,0.287074471902586,0.110184999895815,0.0920271808455852,0.131262409077293
"171",11606,2018,9,11,20,37,129,5114,4278,628,0.83652718,0.122800156,45.273631840796,55.2238805970149,100,0.391075653585186,1.43289285145677,0.2571234893995,0.114397536419504,0.126410855827416,0.117570453651776
"172",11607,2010,0,3,3,37,129,10451,8353,882,0.79925366,0.084393838,3.2258064516129,100,100,0.028705112380515,0,0.0359148100705127,0.00839919533024269,0,0.0164305300022836
"173",11607,2011,0,6,6,37,129,10451,8518,924,0.815041623,0.088412592,1.63934426229508,100,100,0.0574102247610299,0,0.0704382432702128,0.0167983906604854,0,0.0322248586888286
"174",11607,2012,1,43,44,37,129,10824,9515,891,0.879065041,0.082317073,2.49433106575964,97.7324263038549,100,0.406500309494554,0.112220850634048,0.451913274689704,0.118944223992189,0.00990384634514646,0.206757613698721
"175",11607,2013,0,4,4,37,129,10985,9677,986,0.880928539,0.089758762,2.4390243902439,100,100,0.0364129593722406,0,0.0413346973783468,0.0106546727473114,0,0.0189114397858666
"176",11607,2014,0,3,3,37,129,10857,9319,1073,0.858340241,0.098830248,3.2258064516129,100,100,0.0276316880198211,0,0.0321919498664034,0.00808519014762233,0,0.0147281907126099
"177",11607,2015,0,6,6,37,129,10860,9222,1194,0.849171271,0.109944751,1.63934426229508,100,100,0.0552481100542352,0,0.0650611032194403,0.0161659145429025,0,0.0297660595323832
"178",11607,2016,0,1,1,37,129,11571,9543,1385,0.824734249,0.119695791,9.09090909090909,100,100,0.00864222070503236,0,0.0104787752407499,0.00252880388520606,0,0.00479421533820428
"179",11607,2017,2,5,7,37,129,11629,9349,1629,0.80393843,0.140080832,29.5774647887324,71.8309859154929,100,0.0601938241136459,0.122767172058192,0.0534810837406809,0.0176133619938359,0.0108389050857086,0.0244682542651051
"180",11607,2018,0,2,2,37,129,12732,10186,1434,0.800031417,0.112629595,4.76190476190476,100,100,0.0157083277699672,0,0.0196346000922826,0.0045965228576479,0,0.00898342462671561
"181",11608,2010,1,0,1,37,129,5308,3934,1195,0.741145441,0.225131876,100,9.09090909090909,100,0.018839132646333,0.0836750062756255,0,0.00551093850548643,0.00738623507824178,0
"182",11608,2011,0,5,5,37,129,5272,4142,973,0.785660091,0.184559939,1.96078431372549,100,100,0.0948388687619734,0,0.120711716279182,0.0277427461185064,0,0.0551938841775923
"183",11608,2012,1,0,1,37,129,5457,4263,1015,0.781198461,0.185999633,100,9.09090909090909,100,0.0183247512415019,0.098512461826421,0,0.00536054640967237,0.00869497034757556,0
"184",11608,2013,0,0,0,37,129,5674,4607,871,0.811949242,0.153507226,100,100,100,0,0,0,0,0,0
"185",11608,2014,0,0,0,37,129,5766,4958,633,0.859868193,0.109781478,100,100,100,0,0,0,0,0,0
"186",11608,2015,0,0,0,37,129,6467,5381,813,0.832070512,0.125715169,100,100,100,0,0,0,0,0,0
"187",11608,2016,1,0,1,37,129,5993,4789,967,0.799098949,0.161354914,100,9.09090909090909,100,0.0166858554003771,0.103401923275773,0,0.00488134561849084,0.00912617788410337,0
"188",11608,2017,0,0,0,37,129,6101,5002,765,0.819865596,0.12538928,100,100,100,0,0,0,0,0,0
"189",11608,2018,0,0,0,37,129,6144,4906,1003,0.798502604,0.163248698,100,100,100,0,0,0,0,0,0
"190",11701,2010,16,91,107,37,129,4056,3749,139,0.924309665,0.034270217,15.0326797385621,85.0606909430439,100,2.63800202164641,11.5025161754134,2.42724920647622,0.771557751110851,1.01033644592964,1.10970296791011
"191",11701,2011,14,91,105,37,129,4345,3998,141,0.92013809,0.032451093,13.4157944814462,86.6793529971456,100,2.41651515500219,9.92204110559887,2.27608113854081,0.706810439576493,0.871582820104984,1.04066843907489
"192",11701,2012,18,73,91,37,129,4710,4469,118,0.948832272,0.025053079,19.8682766190999,80.2414928649835,100,1.93201842848347,15.2413209144793,1.63343849992168,0.565127678189372,1.33740688706662,0.746927816892026
"193",11701,2013,15,57,72,37,129,4775,4520,125,0.946596859,0.02617801,20.9431345353675,79.1955617198336,100,1.50782182572093,11.9904076738609,1.26103404791929,0.441051074975397,1.0525313573281,0.576643715018898
"194",11701,2014,15,69,84,37,129,4840,4589,89,0.948140496,0.01838843,17.9548156956005,82.1640903686088,100,1.73550133261709,16.8350168350168,1.50356279008956,0.507653356087901,1.47409048669017,0.687557116066921
"195",11701,2015,9,70,79,37,129,4995,4823,0,0.965565566,0,11.5044247787611,88.621997471555,100,1.58154991892054,9000,1.45134871762974,0.462629242315472,90,0.663711775833888
"196",11701,2016,25,77,102,37,129,5065,4956,0,0.978479763,0,24.5837414299706,75.5142017629775,100,2.01378057688891,25000,1.55364096769637,0.589068390191188,250,0.710508410646354
"197",11701,2017,29,78,108,37,129,4850,4650,92,0.958762887,0.018969072,26.9195189639223,72.2479185938945,100,2.2267582111709,31.4875135722041,1.67738328207996,0.651352216385385,2.75786025131547,0.767052474155482
"198",11701,2018,16,69,85,37,129,4811,4618,38,0.9598836,0.007898566,18.9189189189189,81.1985898942421,100,1.76674772920954,41.994750656168,1.49412095883588,0.516791454793342,3.63470118077341,0.683243687645754
"199",11703,2010,0,32,33,37,129,3582,3408,111,0.951423786,0.030988275,0.302114803625378,96.9788519637462,100,0.92124731302867,0,0.938939585106071,0.26941981113553,0,0.42921827007224
"200",11703,2011,7,32,39,37,129,3729,3620,27,0.970769643,0.007240547,18.1585677749361,82.0971867007673,100,1.04582875224585,25.830258302583,0.883953481948013,0.305863300249562,2.21751047993048,0.404113474293757
"201",11703,2012,2,21,23,37,129,3743,3686,29,0.984771574,0.007747796,9.09090909090909,91.3419913419913,100,0.614463946995806,6.87285223367698,0.569707821274518,0.179706766302162,0.591171190039978,0.260456804402627
"202",11703,2013,0,28,28,37,129,3972,3886,18,0.978348439,0.004531722,0.355871886120996,100,100,0.704916794642632,0,0.720516713414477,0.206169670108936,0,0.329423594847469
"203",11703,2014,2,14,16,37,129,3984,3875,27,0.972640562,0.006777108,13.0434782608696,87.5776397515528,100,0.401596345473256,7.38007380073801,0.361280999200021,0.117456647428652,0.633574422837281,0.165178814736432
"204",11703,2015,5,15,20,37,129,4041,3903,15,0.965850037,0.003711952,25.3731343283582,75.1243781094527,100,0.494914750934152,33.112582781457,0.384309907509416,0.144751339064509,2.78061582023038,0.175709159111323
"205",11703,2016,0,10,10,37,129,4132,3954,17,0.956921588,0.00411423,0.99009900990099,100,100,0.242007695844728,0,0.252902051035634,0.0707828515174361,0,0.115630283229541
"206",11703,2017,1,18,19,37,129,4252,4078,18,0.959078081,0.004233302,5.75916230366492,94.7643979057592,100,0.446838032971943,5.52486187845304,0.441382016134965,0.130694523003365,0.467771613871011,0.201812846503255
"207",11703,2018,4,14,18,37,129,4298,4157,25,0.967194044,0.005816659,22.6519337016575,77.9005524861878,100,0.418789697773435,15.9362549800797,0.336773231339155,0.122491607527414,1.36506128167383,0.153985840957673
"208",11705,2010,0,5,5,37,129,8227,7770,40,0.944451197,0.00486204,1.96078431372549,100,100,0.0607747565970998,0,0.0643492361745666,0.0177815621879493,0,0.0294377042973573
"209",11705,2011,1,6,7,37,129,8153,7833,5,0.960750644,0.000613271,15.4929577464789,85.9154929577465,100,0.0858569133213134,19.6078431372549,0.0765980263241884,0.0251200559169735,1.50137914772509,0.0350412938341593
"210",11705,2012,0,9,9,37,129,8220,7899,96,0.960948905,0.011678832,1.0989010989011,100,100,0.109487719127505,0,0.113937030800977,0.0320340586460196,0,0.0521230144332327
"211",11705,2013,2,1,3,37,129,8271,7990,28,0.966025874,0.003385322,67.741935483871,35.4838709677419,100,0.0362708708636094,7.11743772241993,0.0125154879162964,0.0106122008619857,0.611638762514423,0.00572552366479257
"212",11705,2014,1,2,3,37,129,8036,7681,118,0.955823793,0.014683922,35.4838709677419,67.741935483871,100,0.0373315414193452,0.846740050804403,0.0260379372746091,0.010922424758618,0.0743003826148123,0.0119114387198744
"213",11705,2015,1,0,1,37,129,7915,7543,115,0.953000632,0.014529375,100,9.09090909090909,100,0.01263407916514,0.868809730668984,0,0.00369644627639347,0.0762238792133119,0
"214",11705,2016,0,1,1,37,129,8158,7678,230,0.94116205,0.028193185,9.09090909090909,100,100,0.0122577560951692,0,0.0130240554303799,0.00358638078198661,0,0.00595804503234493
"215",11705,2017,0,2,2,37,129,8728,8330,193,0.954399633,0.022112741,4.76190476190476,100,100,0.0229144945635362,0,0.0240093156144584,0.00670448664011112,0,0.0109839143310773
"216",11705,2018,0,5,5,37,129,9112,8592,258,0.942932397,0.028314311,1.96078431372549,100,100,0.0548720931508653,0,0.0581929912361355,0.0160550883666411,0,0.0266228871849038
"217",11800,2010,0,1,1,37,129,2587,2587,0,1,0,9.09090909090909,100,100,0.0386533183873836,0,0.0386533183873836,0.0113007791924049,0,0.0176622712940635
"218",11800,2011,0,7,7,37,129,2519,2508,8,0.995633188,0.003175863,1.40845070422535,100,100,0.277877019570482,0,0.279095729835334,0.0812384150873372,0,0.127523236562676
"219",11800,2012,0,1,1,37,129,2504,2482,16,0.991214058,0.006389776,9.09090909090909,100,100,0.0399345074078511,0,0.0402884654123524,0.0116749283960511,0,0.0184080910501256
"220",11800,2013,0,3,3,37,129,2511,2490,2,0.991636798,0.000796495,3.2258064516129,100,100,0.119469555175023,0,0.120477089273523,0.0349272590810076,0,0.0550471713292807
"221",11800,2014,0,3,3,37,129,2525,2498,1,0.989306931,0.00039604,3.2258064516129,100,100,0.118807175953428,0,0.120091269364717,0.034733827204959,0,0.0548712017925385
"222",11800,2015,0,3,3,37,129,2540,2507,0,0.987007874,0,3.2258064516129,100,100,0.118105586394236,0,0.119660165131028,0.0345289422652278,0,0.0546745760253966
"223",11800,2016,0,0,0,37,129,2546,2508,0,0.985074627,0,100,100,100,0,0,0,0,0,0
"224",11800,2017,0,0,0,37,129,2545,2490,0,0.978388998,0,100,100,100,0,0,0,0,0,0
"225",11800,2018,0,1,1,37,129,2536,2483,4,0.979100946,0.001577287,9.09090909090909,100,100,0.0394306218209061,0,0.0402722403447304,0.0115277805122045,0,0.0184006910425177
"226",11902,2010,59,155,216,37,129,5154,4924,204,0.955374466,0.039580908,27.3484497917631,71.772327626099,100,4.19083836169263,28.9073983341499,3.14778335127231,1.22591021763963,2.54365006693107,1.43953041539246
"227",11902,2011,37,171,209,37,129,5486,5046,377,0.919795844,0.068720379,17.7427068388331,81.8268770923003,100,3.80962796886677,9.8117210289048,3.38875567269773,1.11443496024018,0.86488018181025,1.54976485401732
"228",11902,2012,36,163,200,37,129,5923,5383,504,0.908829985,0.085092014,18.0409795102449,81.5092453773113,100,3.37661022099914,7.1414401904384,3.02799502145604,0.987801300983666,0.629830108739889,1.38485661478211
"229",11902,2013,42,132,176,37,129,6092,5501,526,0.902987525,0.086342745,23.9068710959682,75.0141964792731,100,2.88898737709493,7.98327314198821,2.3995200959808,0.845162179589379,0.70412016208165,1.0974425290433
"230",11902,2014,36,125,162,37,129,6136,5595,482,0.911831812,0.078552803,22.2702035780382,77.1745835903763,100,2.64011342709539,7.4673304293715,2.2340976926239,0.772357628472693,0.658524955251231,1.0217990357613
"231",11902,2015,68,155,231,37,129,6328,5752,477,0.90897598,0.075379267,29.4677628732151,67.1138035482475,100,3.65038479164362,14.2527771955565,2.69466803428313,1.06792454548167,1.25689495020784,1.23247488240882
"232",11902,2016,29,101,133,37,129,6159,5634,422,0.914758889,0.068517616,21.8632607062359,75.9579263711495,100,2.15940640678021,6.87040985548448,1.79265543742568,0.631729251504982,0.60574436794398,0.819903150075826
"233",11902,2017,22,109,131,37,129,6001,5677,236,0.946008999,0.039326779,16.8573607932876,83.2189168573608,100,2.18293312892636,9.31808555696739,1.9199943633193,0.638604225295783,0.820351831510936,0.878149175618745
"234",11902,2018,21,81,102,37,129,5931,5468,342,0.921935593,0.057663126,20.666013712047,79.4319294809011,100,1.71974844463927,6.13855597778427,1.48131892247764,0.503099479306975,0.540984573689282,0.677491473750012
"235",11903,2010,93,187,281,37,129,6849,5922,284,0.864651774,0.041465907,33.1198861615084,66.5599430807542,100,4.10272882568513,32.7349524815206,3.15766366660475,1.20029911560072,2.88355258173529,1.44426994298503
"236",11903,2011,86,196,283,37,129,7210,6197,279,0.859500693,0.038696255,30.4132815259626,69.2688096079124,100,3.92504958322353,30.8133285560731,3.16276968259347,1.14834079023349,2.71414711000692,1.44665385910029
"237",11903,2012,42,159,202,37,129,7641,7048,289,0.922392357,0.037822275,20.8312716476992,78.7234042553192,100,2.64359843478033,14.5278450363196,2.25592712929726,0.773447305759776,1.27978793625934,1.03195316982108
"238",11903,2013,66,142,211,37,129,8041,7293,432,0.906976744,0.053724661,31.3121743249645,67.3140691615348,100,2.62401910186417,15.2742420735941,1.94704583784673,0.767733031702809,1.3467439270853,0.890677251874487
"239",11903,2014,50,166,217,37,129,8637,7629,618,0.88329281,0.071552622,23.0769230769231,76.5085214187011,100,2.51241736230911,8.08930593755056,2.17587919938132,0.735098526092454,0.713630108304232,0.995384102794987
"240",11903,2015,51,144,196,37,129,8864,7601,980,0.857513538,0.110559567,26.0581336053034,73.4829168791433,100,2.21116639027087,5.20355065809611,1.89446264356475,0.64696208438967,0.459266493328933,0.866644584422332
"241",11903,2016,43,157,202,37,129,9092,7857,1025,0.8641663,0.112736472,21.326076199901,77.7337951509154,100,2.22170895612675,4.19471271095503,1.99819271741482,0.650051915892619,0.370239219550215,0.914114680091911
"242",11903,2017,38,167,205,37,129,8753,7547,962,0.862218668,0.109905175,18.5763042418333,81.4724524622136,100,2.34202739600827,3.94969337906663,2.21277046812683,0.685247752858359,0.348595573655567,1.01225404038969
"243",11903,2018,38,136,174,37,129,9015,7722,957,0.856572379,0.106156406,21.8839747271683,78.1734635267088,100,1.93009506272809,3.97032702956849,1.7611789539115,0.564726832986771,0.350415187646737,0.805679799061324
"244",11904,2010,4,58,63,37,129,1836,1788,17,0.973856209,0.009259259,6.49762282091918,92.0760697305864,100,3.43118566526878,23.3918128654971,3.24366646160729,1.00270223947733,1.97571399449046,1.48101964247692
"245",11904,2011,10,41,55,37,129,1712,1635,14,0.955023364,0.00817757,18.3303085299456,74.5916515426497,100,3.21242918053852,70.9219858156028,2.50749189652009,0.938670089569138,5.93488726987382,1.14462354991353
"246",11904,2012,6,34,40,37,129,1645,1488,116,0.904559271,0.070516717,15.211970074813,85.0374064837905,100,2.43146313294025,5.16795865633075,2.2847926886634,0.710424535066476,0.453430455862199,1.0426842212537
"247",11904,2013,1,30,31,37,129,1636,1492,96,0.91198044,0.058679707,3.53697749196141,96.7845659163987,100,1.89474970967545,1.04058272632674,2.01058910260706,0.553602463359101,0.0911723129742141,0.917556503813295
"248",11904,2014,4,25,30,37,129,1732,1597,90,0.922055427,0.051963048,13.6212624584718,83.3887043189369,100,1.73200161653484,4.43951165371809,1.5653371736272,0.506099579270898,0.388765570981239,0.714500967226784
"249",11904,2015,3,22,27,37,129,1898,1728,109,0.910432034,0.057428872,11.4391143911439,81.549815498155,100,1.42247510668563,2.74977085242896,1.27307447485678,0.415713615038398,0.241157881972775,0.581220305159851
"250",11904,2016,1,26,27,37,129,2253,2102,113,0.932978251,0.050155348,4.0590405904059,96.309963099631,100,1.19834894145844,0.884173297966401,1.23685837971552,0.350295565087289,0.0775625104995089,0.564945646028957
"251",11904,2017,2,63,65,37,129,2442,2268,108,0.928746929,0.044226044,3.2258064516129,96.9278033794163,100,2.66164366733549,1.85013876040703,2.77765530620343,0.778114259740387,0.162248473827885,1.26891521048498
"252",11904,2018,6,24,30,37,129,2834,2691,77,0.949541284,0.027170078,20.265780730897,80.0664451827243,100,1.05853710172542,7.78210116731517,0.891828620266805,0.309505951053391,0.680485370977076,0.407539933164914
"253",12001,2010,19,121,141,37,129,6252,5571,294,0.891074856,0.047024952,13.5364989369242,85.8256555634302,100,2.25524223860783,6.46038762325739,2.17192295955915,0.659770300351823,0.569135061879917,0.993359041009912
"254",12001,2011,12,139,152,37,129,6238,5731,192,0.91872395,0.030779096,7.95529257067719,91.4529914529915,100,2.436639361344,6.2467464862051,2.42536336828881,0.712837239924102,0.549539014998634,1.10929839041716
"255",12001,2012,7,72,79,37,129,6419,5744,262,0.894843434,0.040816327,8.97597977243995,91.1504424778761,100,1.23070212335063,2.67073636016787,1.25346007207395,0.360045693855096,0.235205221781,0.573301186581083
"256",12001,2013,6,117,123,37,129,6304,5522,373,0.875951777,0.059168782,4.9553208773355,95.1259138911454,100,1.95111118161197,1.60814794961136,2.11875916770794,0.570798997585375,0.141751317447482,0.969036939687805
"257",12001,2014,10,85,95,37,129,6456,5833,406,0.90350062,0.062887237,10.6203995793901,89.4847528916929,100,1.47147658803302,2.46244767298695,1.45720114518866,0.430486090500762,0.217091118563594,0.666495161743302
"258",12001,2015,22,89,111,37,129,6819,6176,368,0.905704649,0.053966857,19.8919891989199,80.1980198019802,100,1.62778079218665,5.97663678348275,1.44103884328298,0.476224576875352,0.526799806925139,0.659130918606221
"259",12001,2016,15,71,86,37,129,6776,5918,471,0.873376623,0.069510035,17.5377468060395,82.5783972125435,100,1.26916662977229,3.18403735937168,1.19970936618171,0.371307214606334,0.280781554295817,0.548729527935208
"260",12001,2017,15,67,84,37,129,7105,6291,496,0.885432794,0.069809993,17.9548156956005,79.7859690844233,100,1.18224937017072,3.02358395484781,1.06499658247365,0.345885391841618,0.266654416694072,0.487135704052432
"261",12001,2018,18,41,60,37,129,7406,6557,261,0.885363219,0.035241696,30.1164725457571,68.3860232945092,100,0.810142990237777,6.89391037916507,0.625276417928657,0.237023729523927,0.607122904253674,0.286013364750234
"262",12004,2010,0,4,4,37,129,3860,3636,39,0.941968912,0.010103627,2.4390243902439,100,100,0.103624258438901,0,0.110007975578229,0.0303067518260629,0,0.0502921791268666
"263",12004,2011,1,16,17,37,129,4016,3756,42,0.935258964,0.010458167,6.4327485380117,94.1520467836257,100,0.423296232663529,2.37529691211401,0.425973749367695,0.123804008188803,0.205979336613976,0.194749423945657
"264",12004,2012,1,12,13,37,129,3858,3668,18,0.950751685,0.00466563,8.3969465648855,92.3664122137405,100,0.336953422669189,5.52486187845304,0.327144843379406,0.0985479658694977,0.467771613871011,0.14956191585376
"265",12004,2013,4,13,17,37,129,3750,3437,58,0.916533333,0.015466667,23.9766081871345,76.6081871345029,100,0.453321244766806,6.88468158347676,0.378225829914754,0.132578990426806,0.600039339297054,0.172900616929565
"266",12004,2014,2,9,11,37,129,3705,3460,39,0.933873144,0.010526316,18.9189189189189,81.981981981982,100,0.296888073196405,5.1150895140665,0.260108089361579,0.0868275232727085,0.442945973339762,0.118905781878907
"267",12004,2015,0,7,7,37,129,3790,3566,32,0.940897098,0.008443272,1.40845070422535,100,100,0.184691696789003,0,0.196292868960489,0.0540156316010441,0,0.0897367464765362
"268",12004,2016,0,7,7,37,129,3633,3363,81,0.925681255,0.022295623,1.40845070422535,100,100,0.192672923949244,0,0.208141298207011,0.0563480366749829,0,0.0951461425602247
"269",12004,2017,1,8,9,37,129,3587,3414,83,0.951770282,0.023139113,12.0879120879121,89.010989010989,100,0.250899054946893,1.20336943441637,0.234322368999151,0.0733757909946955,0.10530194261873,0.107116235546616
"270",12004,2018,0,7,7,37,129,3740,3561,45,0.952139037,0.012032086,1.40845070422535,100,100,0.187160771102377,0,0.196568476032687,0.0547372010333564,0,0.08986258408791
"271",12006,2010,10,45,56,37,129,3789,3478,258,0.917920296,0.068091845,18.0035650623886,80.3921568627451,100,1.47792351745797,3.87446726075165,1.29380983870504,0.432239012036319,0.341199103179361,0.591456035656572
"272",12006,2011,10,63,73,37,129,3601,3211,336,0.891696751,0.093307415,13.8166894664843,86.3201094391245,100,2.02715836827636,2.9753049687593,1.96194450499829,0.592847207523772,0.262199848975798,0.896793216024449
"273",12006,2012,3,52,55,37,129,3578,3205,324,0.895751817,0.090553382,5.62613430127042,94.5553539019964,100,1.53712864369358,0.925640234495526,1.62241427724564,0.449534601575282,0.0815653654493215,0.741594026358315
"274",12006,2013,19,57,76,37,129,3720,3396,280,0.912903226,0.075268817,25.0985545335085,75.0328515111695,100,2.04295583452058,6.78329168154231,1.67839580695504,0.597482204789328,0.597502325625737,0.767242979732661
"275",12006,2014,3,49,52,37,129,3949,3412,429,0.864016207,0.108635097,5.95009596928983,94.2418426103647,100,1.31675571649237,0.699137730132836,1.43606576595059,0.385114909066024,0.0616428347943959,0.65647100366027
"276",12006,2015,10,37,48,37,129,4002,3499,272,0.874312844,0.067966017,20.997920997921,77.1309771309771,100,1.19937033057645,3.67511944138184,1.0574147637964,0.350786228213859,0.323694230903146,0.483393425467694
"277",12006,2016,23,46,70,37,129,4184,3652,245,0.872848948,0.058556405,32.9529243937233,65.7631954350927,100,1.67300016730002,9.38392492860057,1.25954930040251,0.489326292534341,0.826248566700156,0.575829343344959
"278",12006,2017,19,43,63,37,129,4387,3792,279,0.864372008,0.063596991,30.2694136291601,68.3042789223455,100,1.4360283558615,6.80759584378359,1.13393634134121,0.420028878779981,0.599637152210832,0.518426183909178
"279",12006,2018,7,45,52,37,129,4536,3831,299,0.84457672,0.065917108,13.6276391554702,86.5642994241843,100,1.14635920724852,2.3403543965229,1.17459737412231,0.335309644378799,0.206185289735554,0.537022514054497
"280",12007,2010,13,23,37,37,129,3611,3523,24,0.975630019,0.006646358,35.3099730458221,62.2641509433962,100,1.02461853728781,53.9419087136929,0.652834151741364,0.299652739297863,4.61473933692302,0.298443425357526
"281",12007,2011,14,46,60,37,129,3588,3456,67,0.963210702,0.018673356,23.4608985024958,76.7054908485857,100,1.67219419748613,20.8643815201192,1.33098000636556,0.489035715539967,1.82170047112534,0.608443136088093
"282",12007,2012,5,32,38,37,129,3777,3480,80,0.921366164,0.021180831,13.3858267716535,84.251968503937,100,1.00606285245294,6.24219725343321,0.919513807074509,0.294236189032214,0.54603820652007,0.4203495572675
"283",12007,2013,20,23,43,37,129,3714,3472,69,0.934841142,0.018578352,46.6357308584687,53.5962877030162,100,1.15775019520207,28.9435600578871,0.662423317300769,0.338594833544017,2.52794996359822,0.302821471153096
"284",12007,2014,16,40,57,37,129,4132,3878,75,0.938528558,0.018151016,28.1961471103328,70.2276707530648,100,1.37944386631495,21.3049267643142,1.03143291818158,0.403462253649386,1.86245444987179,0.471574811250229
"285",12007,2015,5,33,38,37,129,4260,4048,62,0.950234742,0.014553991,13.3858267716535,86.8766404199475,100,0.891997840426281,8.05152979066023,0.815197253032287,0.260898511578908,0.702338631933923,0.37272914389466
"286",12007,2016,12,28,40,37,129,4096,3870,94,0.944824219,0.022949219,30.1745635910224,70.074812967581,100,0.976538658724152,12.7523910733262,0.723495516911708,0.2856180888207,1.11712908827363,0.330783943884329
"287",12007,2017,6,34,40,37,129,4154,4010,144,0.965334617,0.034665383,15.211970074813,85.0374064837905,100,0.962904118822368,4.16377515614157,0.847859155632029,0.281632969555323,0.365800949184366,0.387658947054466
"288",12007,2018,12,42,55,37,129,4413,4116,297,0.932698844,0.067301156,21.9600725952813,76.4065335753176,100,1.2462894563912,4.03904409289801,1.02038337260999,0.364532877658365,0.355833644078196,0.466554028894809
"289",12008,2010,1,28,29,37,129,5549,4240,567,0.76410164,0.102180573,3.78006872852234,96.5635738831615,100,0.52260726964733,0.176335743255158,0.660361783920191,0.152879814479693,0.0155543843576489,0.30194949225851
"290",12008,2011,5,25,31,37,129,5578,4345,525,0.77895303,0.094119756,16.3987138263666,80.7073954983923,100,0.555744787651709,0.952199581032184,0.575360751190997,0.162574058706179,0.0839832250724052,0.263089596391481
"291",12008,2012,18,27,45,37,129,5689,4194,670,0.737212164,0.117771137,40.1330376940133,60.0886917960089,100,0.790986271993813,2.6861662438442,0.643761474452207,0.2313923986873,0.236994053147872,0.294355618769313
"292",12008,2013,5,29,34,37,129,5653,4354,591,0.770210508,0.104546259,14.9560117302053,85.3372434017595,100,0.60143991792114,0.845880561664693,0.666038905858846,0.175942604894458,0.074618384428444,0.304553759354539
"293",12008,2014,4,23,27,37,129,5266,4239,584,0.804975313,0.110900114,15.1291512915129,85.239852398524,100,0.512713393213194,0.684814244136278,0.542567997924088,0.149981426394026,0.0604091457006308,0.248088388383662
"294",12008,2015,11,24,35,37,129,5544,4577,592,0.825577201,0.106782107,31.6239316239316,68.6609686609687,100,0.631301744196533,1.85779429150481,0.524349478927705,0.184676438352265,0.163883560824989,0.239776680196671
"295",12008,2016,5,27,32,37,129,5514,4522,780,0.820094305,0.141458107,15.8878504672897,84.4236760124611,100,0.580330425636096,0.640943468786053,0.597067734017381,0.169765187420634,0.0565582280374706,0.273026337006178
"296",12008,2017,3,29,36,37,129,5625,4628,749,0.822755556,0.133155556,8.58725761772853,80.6094182825485,100,0.63998862242449,0.40048057669203,0.62660703096303,0.187219008655797,0.035337799149117,0.286540518688685
"297",12008,2018,4,16,20,37,129,5994,4854,894,0.80980981,0.149149149,20.3980099502488,80.0995024875622,100,0.333661433743181,0.447377250866793,0.329618260851651,0.0976106328794521,0.0394825790636699,0.150737596271512
"298",12009,2010,20,42,62,37,129,6972,5755,787,0.825444636,0.112880092,32.3671497584541,67.7938808373591,100,0.889258616485707,2.54097319273282,0.729787492832444,0.260164428346124,0.224222931268289,0.333786985126062
"299",12009,2011,15,54,69,37,129,7020,5805,934,0.826923077,0.133048433,21.8523878437048,78.2923299565847,100,0.982891981595704,1.60582378760304,0.930216533737576,0.287558910752898,0.141724777270532,0.425461184671084
"300",12009,2012,18,34,53,37,129,7197,5905,889,0.820480756,0.12352369,34.0866290018832,64.2184557438795,100,0.736407719776021,2.02451917669553,0.575773483937613,0.215448596583966,0.178669891765611,0.263349937185356
"301",12009,2013,13,40,54,37,129,7079,6142,704,0.867636672,0.099449075,24.2144177449168,74.1219963031423,100,0.76280883163114,1.84632864649908,0.65124306019114,0.223171230113104,0.162906365970156,0.297877269008155
"302",12009,2014,9,15,24,37,129,7090,6320,559,0.891396333,0.078843441,37.7593360995851,62.655601659751,100,0.338500162197994,1.60972992309068,0.237338016803532,0.0990333898104784,0.141989725450574,0.108560159822276
"303",12009,2015,10,45,55,37,129,6957,6312,390,0.907287624,0.056058646,18.3303085299456,81.8511796733212,100,0.790559284759454,2.56344527044348,0.712916462033238,0.231288424826407,0.225977294642649,0.32609295662117
"304",12009,2016,30,32,62,37,129,7038,6474,225,0.919863598,0.031969309,48.4702093397746,51.6908212560386,100,0.880919566360239,13.3274100399822,0.494277196830447,0.257725707889004,1.17313784701775,0.22608984353249
"305",12009,2017,12,24,36,37,129,7154,6725,98,0.940033548,0.01369863,33.5180055401662,66.7590027700831,100,0.503207950685621,12.2324159021407,0.356872016772985,0.147221692563318,1.07193929370663,0.163242852733434
"306",12009,2018,0,30,30,37,129,7402,6817,189,0.920967306,0.02553364,0.332225913621262,100,100,0.40529039056484,0,0.44006982441214,0.118575882607194,0,0.201301573642898
"307",12010,2010,3,29,32,37,129,4878,4709,125,0.965354654,0.025625256,9.65732087227414,90.6542056074766,100,0.655993112072323,2.39808153477218,0.615828926971183,0.191886121251638,0.21050627146562,0.281616491677596
"308",12010,2011,2,33,36,37,129,4753,4617,77,0.971386493,0.016200295,5.81717451523546,91.6897506925208,100,0.757400433401359,2.59403372243839,0.714734357063958,0.221545646082565,0.226828456992359,0.326839425199215
"309",12010,2012,0,21,21,37,129,4782,4525,101,0.946256796,0.02112087,0.4739336492891,100,100,0.439137617364756,0,0.464078141919516,0.128451706052768,0,0.212213172880837
"310",12010,2013,3,20,23,37,129,5113,4774,162,0.933698416,0.031683943,13.4199134199134,87.012987012987,100,0.449824959417966,1.85070943861814,0.418927127626149,0.131582882099151,0.162688406254958,0.191576440404553
"311",12010,2014,2,28,30,37,129,5086,4696,163,0.923318915,0.032048761,6.97674418604651,93.3554817275748,100,0.589842905172922,1.22624156958921,0.596239432720768,0.172540451931901,0.107797131617506,0.272657565061589
"312",12010,2015,1,9,10,37,129,5252,4849,176,0.923267327,0.033511043,10.8910891089109,90.0990099009901,100,0.190400030464005,0.56785917092561,0.185601451815801,0.055696667365219,0.0499373025028841,0.0848772457416642
"313",12010,2016,2,13,15,37,129,5155,4720,182,0.915615907,0.035305529,13.9072847682119,86.7549668874172,100,0.290973986925569,1.09829763866008,0.275417893688693,0.0851161487949454,0.0965979383807541,0.125947952856152
"314",12010,2017,1,8,9,37,129,5471,5001,185,0.914092488,0.033814659,12.0879120879121,89.010989010989,100,0.164500740253331,0.540248514316586,0.159964807742297,0.0481215275011868,0.0475194645134831,0.073155424406693
"315",12010,2018,0,5,5,37,129,5362,4788,217,0.892950392,0.040469974,1.96078431372549,100,100,0.0932470487309077,0,0.104425555021825,0.0272773442155817,0,0.0477542025947043
"316",12101,2010,13,45,58,37,129,7735,6605,461,0.853910795,0.059599224,22.5473321858864,77.6247848537005,100,0.749828702925625,2.8193450444589,0.681291729118408,0.21938112415698,0.24861253089522,0.311637382270703
"317",12101,2011,2,40,42,37,129,7983,6644,549,0.832268571,0.068771139,4.98812351543943,95.249406175772,100,0.526111410354374,0.364232380258605,0.602037898285697,0.15392878677064,0.0321270899285698,0.275386083003051
"318",12101,2012,12,37,49,37,129,8267,6875,541,0.831619693,0.06544091,24.6435845213849,75.5600814663951,100,0.592710865962671,2.21770467566069,0.538173990196506,0.173416451635524,0.195608355811116,0.246178822032695
"319",12101,2013,4,23,27,37,129,8102,6677,478,0.824117502,0.058997778,15.1291512915129,85.239852398524,100,0.333246935979561,0.836645053336122,0.344460918662294,0.097501331909949,0.0737806066466817,0.15756492926009
"320",12101,2014,6,28,34,37,129,8381,6789,752,0.810046534,0.089726763,17.8885630498534,82.4046920821114,100,0.40567467277565,0.797766254487435,0.4124258001797,0.118693604932052,0.0703939785667617,0.188655829704221
"321",12101,2015,9,25,35,37,129,8463,6638,797,0.78435543,0.094174643,25.9259259259259,71.5099715099715,100,0.413560043010244,1.1290929619872,0.376613790090538,0.121001127300275,0.0996357191208462,0.172271768311458
"322",12101,2016,8,44,52,37,129,8561,6853,770,0.800490597,0.089942764,15.5470249520154,84.6449136276392,100,0.607398581957926,1.03882612647708,0.642045205819264,0.177715897125736,0.0916670541370559,0.293692384093101
"323",12101,2017,5,12,17,37,129,9000,7088,830,0.787555556,0.092222222,29.8245614035088,70.7602339181286,100,0.188886790146776,0.602337067823154,0.16929783722013,0.055266388233569,0.0531547279595811,0.0774440199799069
"324",12101,2018,9,21,30,37,129,9076,7272,967,0.801234024,0.106544733,30.2325581395349,70.0996677740864,100,0.330538447130375,0.930617309481956,0.288774906835715,0.0967125025580655,0.0821356009569304,0.13210001517835
"325",12103,2010,0,3,3,37,129,4312,4051,153,0.939471243,0.035482375,3.2258064516129,100,100,0.0695716704158067,0,0.0740539606526622,0.0203490295438822,0,0.0338594025386368
"326",12103,2011,0,4,4,37,129,4169,3958,182,0.949388343,0.043655553,2.4390243902439,100,100,0.0959439687222662,0,0.101058588716809,0.0280620369208649,0,0.046205424372333
"327",12103,2012,0,1,1,37,129,4246,3926,279,0.924634951,0.065708902,9.09090909090909,100,100,0.023551023291962,0,0.0254705687578004,0.00688837260637582,0,0.0116453991217363
"328",12103,2013,2,0,2,37,129,4087,3886,165,0.950819672,0.040371911,100,4.76190476190476,100,0.0489344523011426,1.21138703815869,0,0.0143123299764183,0.106497457367857,0
"329",12103,2014,0,2,2,37,129,4233,4118,98,0.972832506,0.023151429,4.76190476190476,100,100,0.0472466986369327,0,0.0485660863019354,0.013819025850594,0,0.022206080378416
"330",12103,2015,0,1,1,37,129,4072,3872,146,0.950884086,0.035854617,9.09090909090909,100,100,0.0245573536995653,0,0.0258257792928902,0.00718250717288834,0,0.0118076173626255
"331",12103,2016,0,0,0,37,129,4310,4120,92,0.955916473,0.021345708,100,100,100,0,0,0,0,0,0
"332",12103,2017,0,0,0,37,129,4454,4276,87,0.960035923,0.019533004,100,100,100,0,0,0,0,0,0
"333",12103,2018,0,0,0,37,129,4463,4198,95,0.940622899,0.02128613,100,100,100,0,0,0,0,0,0
"334",12104,2010,0,0,0,37,129,5067,4366,409,0.861653839,0.080718374,100,100,100,0,0,0,0,0,0
"335",12104,2011,0,0,0,37,129,5175,4558,182,0.880772947,0.035169082,100,100,100,0,0,0,0,0,0
"336",12104,2012,0,4,4,37,129,5273,4412,453,0.836715342,0.08590935,2.4390243902439,100,100,0.0758567066810794,0,0.0906597765236509,0.0221899902032311,0,0.0414557593777267
"337",12104,2013,0,1,1,37,129,5349,4473,430,0.836231071,0.080388858,9.09090909090909,100,100,0.0186947336935185,0,0.0223558605888534,0.00546872034997688,0,0.0102227473454187
"338",12104,2014,0,0,0,37,129,5606,4801,389,0.856403853,0.069389939,100,100,100,0,0,0,0,0,0
"339",12104,2015,0,0,0,37,129,5723,5173,375,0.903896558,0.065525074,100,100,100,0,0,0,0,0,0
"340",12104,2016,0,4,4,37,129,6322,5710,381,0.903195191,0.060265739,2.4390243902439,100,100,0.0632701159424875,0,0.0700513125864696,0.0185097421325567,0,0.0320395641433121
"341",12104,2017,0,0,0,37,129,6625,6252,106,0.943698113,0.016,100,100,100,0,0,0,0,0,0
"342",12104,2018,0,2,2,37,129,6506,6171,107,0.948509069,0.016446357,4.76190476190476,100,100,0.0307403821029495,0,0.0324091328936494,0.00899324632789668,0,0.0148239231002041
"343",12105,2010,0,0,0,37,129,10558,9134,633,0.865125971,0.059954537,100,100,100,0,0,0,0,0,0
"344",12105,2011,0,15,15,37,129,11261,9929,648,0.881715656,0.057543735,0.662251655629139,100,100,0.133201907451315,0,0.151071094056863,0.0389760048746063,0,0.0691188181577683
"345",12105,2012,0,3,3,37,129,11024,9964,541,0.903846154,0.049074746,3.2258064516129,100,100,0.0272131058317686,0,0.0301080880360494,0.00796274200075399,0,0.0137752279466855
"346",12105,2013,0,3,3,37,129,11632,9868,1054,0.848349381,0.090612105,3.2258064516129,100,100,0.0257906998736256,0,0.0304009890455103,0.00754663735207615,0,0.0139091769491395
"347",12105,2014,0,0,0,37,129,12169,10170,974,0.835730134,0.080039444,100,100,100,0,0,0,0,0,0
"348",12105,2015,2,8,10,37,129,12229,10224,1331,0.836045466,0.108839643,20.7920792079208,80.1980198019802,100,0.0817721663900042,0.150251671549846,0.0782464960240999,0.0239277029204674,0.0132640377510821,0.0358002018825205
"349",12105,2016,1,2,3,37,129,11838,9770,1291,0.825308329,0.109055584,35.4838709677419,67.741935483871,100,0.0253419045285983,0.0774533343660445,0.0204706195433005,0.00741534633759082,0.00683736308385828,0.0093657536548261
"350",12105,2017,1,4,5,37,129,11874,9594,1414,0.80798383,0.119083712,21.5686274509804,80.3921568627451,100,0.0421084545355016,0.0707163566933032,0.0416922900532619,0.0123214496279305,0.00624297084328082,0.0190749691768224
"351",12105,2018,3,1,4,37,129,11309,10007,627,0.884870457,0.055442568,75.609756097561,26.8292682926829,100,0.035369746487342,0.478392600861107,0.00999290503742343,0.0103494980387643,0.0422040614697323,0.00457202098789142
"352",12201,2010,1,0,1,37,129,2797,2797,0,1,0,100,9.09090909090909,100,0.0357513138607844,1000,0,0.0104531986005811,10,0
"353",12201,2011,0,0,0,37,129,2984,2965,19,0.993632708,0.006367292,100,100,100,0,0,0,0,0,0
"354",12201,2012,0,0,0,37,129,2874,2798,20,0.973556019,0.006958942,100,100,100,0,0,0,0,0,0
"355",12201,2013,0,0,0,37,129,2978,2909,10,0.976830087,0.003357958,100,100,100,0,0,0,0,0,0
"356",12201,2014,0,1,1,37,129,2952,2900,10,0.982384824,0.003387534,9.09090909090909,100,100,0.0338741912536838,0,0.0344815696010482,0.00990487849579504,0,0.0157589682254584
"357",12201,2015,1,1,2,37,129,2873,2834,0,0.986425339,0,52.3809523809524,52.3809523809524,100,0.0696112213288782,1000,0.0352845700575138,0.0203539192393692,10,0.0161253813217978
"358",12201,2016,0,1,1,37,129,2719,2632,0,0.968002942,0,9.09090909090909,100,100,0.0367768747011879,0,0.0379924774894571,0.010752747245725,0,0.0173608190271551
"359",12201,2017,0,0,0,37,129,2775,2705,0,0.974774775,0,100,100,100,0,0,0,0,0,0
"360",12201,2018,0,1,1,37,129,2822,2718,0,0.963146704,0,9.09090909090909,100,100,0.0354346054356685,0,0.0367904050623597,0.0103606900218645,0,0.0168124303997431
"361",12202,2010,0,0,0,37,129,2868,2722,133,0.949093445,0.04637378,100,100,100,0,0,0,0,0,0
"362",12202,2011,0,2,2,37,129,2713,2586,114,0.953188352,0.042019904,4.76190476190476,100,100,0.0737164129593454,0,0.0773365299099029,0.0215530042277362,0,0.035338178368227
"363",12202,2012,0,0,0,37,129,2881,2708,132,0.939951406,0.045817425,100,100,100,0,0,0,0,0,0
"364",12202,2013,0,0,0,37,129,2839,2653,131,0.934483973,0.046143008,100,100,100,0,0,0,0,0,0
"365",12202,2014,0,0,0,37,129,2936,2640,100,0.899182561,0.034059946,100,100,100,0,0,0,0,0,0
"366",12202,2015,0,1,1,37,129,3097,2755,132,0.889570552,0.042621892,9.09090909090909,100,100,0.0322882696716283,0,0.0362963231824616,0.00944157485487158,0,0.016587011846837
"367",12202,2016,0,1,1,37,129,3329,3090,0,0.928206669,0,9.09090909090909,100,100,0.0300381484485296,0,0.0323614122520307,0.00878416384759297,0,0.0147914034633385
"368",12202,2017,0,0,0,37,129,3341,3088,6,0.924274169,0.00179587,100,100,100,0,0,0,0,0,0
"369",12202,2018,0,0,0,37,129,3372,3167,7,0.939205219,0.002075919,100,100,100,0,0,0,0,0,0
"370",12203,2010,0,0,0,37,129,1660,1602,6,0.965060241,0.003614458,100,100,100,0,0,0,0,0,0
"371",12203,2011,0,0,0,37,129,1770,1652,13,0.933333333,0.007344633,100,100,100,0,0,0,0,0,0
"372",12203,2012,0,2,2,37,129,1916,1764,11,0.920668058,0.005741127,4.76190476190476,100,100,0.104378685872345,0,0.113372257808514,0.0305047496504545,0,0.0517626696167057
"373",12203,2013,0,0,0,37,129,2001,1868,14,0.933533233,0.006996502,100,100,100,0,0,0,0,0,0
"374",12203,2014,0,0,0,37,129,2388,2116,10,0.886097152,0.004187605,100,100,100,0,0,0,0,0,0
"375",12203,2015,2,0,2,37,129,2286,2238,10,0.979002625,0.004374453,100,4.76190476190476,100,0.0874852368662788,19.8019801980198,0,0.0255737237756067,1.62323360180708,0
"376",12203,2016,0,0,0,37,129,2335,2307,5,0.988008565,0.002141328,100,100,100,0,0,0,0,0,0
"377",12203,2017,0,0,0,37,129,2295,2284,0,0.995206972,0,100,100,100,0,0,0,0,0,0
"378",12203,2018,1,0,1,37,129,2271,2256,0,0.99339498,0,100,9.09090909090909,100,0.0440315265730263,1000,0,0.012871210656948,10,0
"379",12300,2010,0,2,2,37,129,6150,5631,395,0.915609756,0.064227642,4.76190476190476,100,100,0.0325197964260744,0,0.035517039299604,0.00951358336210082,0,0.0162443487332616
"380",12300,2011,0,3,3,37,129,6817,6359,346,0.932815021,0.050755464,3.2258064516129,100,100,0.044006982441214,0,0.0471764872387602,0.0128747090182447,0,0.0215789669909646
"381",12300,2012,1,0,1,37,129,6947,6540,288,0.94141356,0.041456744,100,9.09090909090909,100,0.0143944955449036,0.347101700798334,0,0.00421129486238286,0.0305766204050891,0
"382",12300,2013,0,5,5,37,129,6991,6622,273,0.947217852,0.039050207,1.96078431372549,100,100,0.0715195033685686,0,0.0755047492487277,0.0209240043999912,0,0.034537544370324
"383",12300,2014,1,1,2,37,129,7359,6716,582,0.912623998,0.079086832,52.3809523809524,52.3809523809524,100,0.0271772363468359,0.171791788352517,0.0148895936629889,0.00795123119976715,0.0151541056700399,0.00681089428222102
"384",12300,2015,0,3,3,37,129,7462,6924,450,0.927901367,0.060305548,3.2258064516129,100,100,0.0402031599683735,0,0.0433269305758149,0.0117622818614896,0,0.0198192815898971
"385",12300,2016,1,2,3,37,129,7846,7343,379,0.9358909,0.048304869,35.4838709677419,67.741935483871,100,0.0382355565185251,0.263782643102084,0.0272364532690553,0.0111868253259777,0.0232520752046117,0.0124593834525632
"386",12300,2017,0,2,2,37,129,8339,7595,610,0.910780669,0.073150258,4.76190476190476,100,100,0.0239834034847885,0,0.026332767178839,0.00701712967325646,0,0.0120462335495816
"387",12300,2018,1,2,3,37,129,8823,7942,694,0.900147342,0.078658053,35.4838709677419,67.741935483871,100,0.0340016547471977,0.144071459443884,0.0251822565820123,0.00994848191259085,0.012711595083488,0.0115202155072911
"388",980100,2010,0,0,0,37,129,0,0,0,0,0,100,100,100,0,0,0,0,0,0
"389",980100,2011,12,0,12,37,129,0,0,0,0,0,100,0.826446280991736,100,12000,12000,0,120,120,0
"390",980100,2012,0,2,2,37,129,0,0,0,0,0,4.76190476190476,100,100,2000,0,2000,20,0,20
"391",980100,2013,0,1,1,37,129,0,0,0,0,0,9.09090909090909,100,100,1000,0,1000,10,0,10
"392",980100,2014,0,1,1,37,129,0,0,0,0,0,9.09090909090909,100,100,1000,0,1000,10,0,10
"393",980100,2015,0,0,0,37,129,0,0,0,0,0,100,100,100,0,0,0,0,0,0
"394",980100,2016,0,0,0,37,129,0,0,0,0,0,100,100,100,0,0,0,0,0,0
"395",980100,2017,0,0,0,37,129,0,0,0,0,0,100,100,100,0,0,0,0,0,0
"396",980100,2018,0,3,3,37,129,0,0,0,0,0,3.2258064516129,100,100,3000,0,3000,30,0,30
